userName;content;score
Winter Fox;Why is the owl like that? So scared;4
Baliji Muthyala naidu;ğŸ‘ğŸ‘ğŸ‘ğŸ‘ğŸ‘ğŸ‘ğŸ‘ğŸ‘ğŸ‘;5
John Stephano;Facebook;5
honors ofkings;Yk why 4 stars THERE NO DUOLINGO MATH IN ANDROID EVEN WHEN I JOINED THE BETA!!!!;4
Mizanur Rahman;thus is very good and its has a lots of fun to learn. i just love it.;5
Nitish Kumar;very nice application;5
Aydan Devotta;I hate the 5 heart theory this game has, just let people learn endlessly without blocks, it is a service, and less of a business for us dedicated people.;3
Rajshree Pathak;this app is good but sometimes it doesn't use the audio so it is harder to complete question;4
Arsalan Farman;Bad ha;1
Narendra Singh Ranawat;This aap is wonderfull;5
Noelito Quizon;English or Spanish?;2
Rajesh Rai;ok;2
Mukti Rahman;I love dulingo because it's help me to learning English;5
Samantha Garcia;learn new language;4
Saksham Paliwal;bhot maja aa raha ha;5
Neha Aftab;thank u Duolingo thank you so much;5
Rajarajandevi;The app is so comfortable and fun learning english i improve my english too well and i am thank themğŸ˜;5
Colton;Ich muss Deutsch sprechen sonst erschieÃŸt mich der Vogel;5
Kavita Kadam;nice app and;5
Shuhrat Ibrohimov (Mafia);the best;5
Chan Ebalang;Wow so incredible! (Duolingo please let me out);5
Mayank Bari;I guess it's good;3
Ajay Verma;God platform for the learn english.;5
SurajSinghRajput;I love add free Duolingo every minute there is add I don't want thank you;1
Ashish Y T;Ashish KÃ¼mÃ¥r;5
Umang Tyagi;nice ğŸ‘;5
MANORAMA MOHANTY;very good app i can learn Japanese language;5
Rudo Maritsa;It's creepy when your not using it;1
Simone de Villiers;You learn your language fast and it is not hard at all.;5
Tjvel Corpin;I love it i practice to learn german;5
Deysy Santos;really nice and fun place to learn a new language.;5
Aashi Rehmani;nicely I'm happy;5
Adil Ahamad;excellent;4
Daniel Schumacher;good app. however current app Avatar sucks horribly .;3
Sajal Verma;Nice app but I don't use;5
Vanna ITh;ğŸ‘;5
Priya Kumari;very nice app;5
Z Z;"Well, I'm finally deleting my account after a 462 day streak. I know absolutely none of the language this supposedly ""taught"". Never gives any kind of tips, associations, or etymology to help learn vocabulary, never explains grammar, never gives literal translations, never gives any real repetition or actual practice, the list just goes on and on. They really make learning a new language a horrible experience.";1
Rhythm;good app;5
NYBN AFYA;it's teach me some new words;5
Komal Vishwa;best app to learn any language;4
Bubun Sarkar;best leaning app I have ever known, very colorful;5
Harry bhai ff;Love from filmymoji;5
Shiena Sola;this is a reliable source of learning language promise it helps me a lot;4
Pallavi Nautiyal;very easy to learn;5
Avinash kumar Tokada;It is a fun way to learn new language. Will definitely recommend it, if anyone is thinking to learn a new language.;5
Kajal Kumari;thank you bahut mast aap hai ye knowledge ke sath game ka bhi maza deta ha I;5
Amit Kumar;this app is very good for my sister and brother me also like this app because no one no English everyone no English today Hindi also know I am very happy in this app I request all of you please make more than this type of app because those children are not study who are study in this app like game types of study game please make sure you you make a new study games thank you this app for study my sister and brothers are not study but her study in this app thank you for this app most most thanks;5
Subhankar Das;Great for learning,listening and speaking;5
Karan Jadhav;ğŸ§ ğŸ’µ;5
Sumaiya Afrin;duolingo is a super game.i am verry happy.;5
Rishu kumar;best app for understand english;5
Santhoi Pinky;I Like it and it's language;5
Het Goswami;This app is good but there is to basic things to learn english but i know basic things I want to learn hard english;2
Revita Andyna Zhafira;game ini sangat seru dan membuat saya selalu ingin bermain duolingo Dan game ini sangat bermanfaat;5
Shakti singh Rajput;I like dis;4
Maryum Hameed;I get nice rumours about it;5
Eliger Itach;i enjoy 101 % .amazing;5
Mamta Kaushik;I ğŸ’• love this app but the problem is that when I am earning enough xp for leaderboard but it doesn't show my rank getting high and I am in the same place and it's so irritating for me that's why I have given 4 stars otherwise all ğŸ‘ but rank get higher after sometime when I get completely irritated;4
ANKUSH FF;easy to learn English and to speak the best application i ever seen ğŸ‘ if anyone don't know how to learn English in easy way use this app;4
soni Kumari;very excellent aap very helpful for me thankyou;5
Anushka Shakya;Need to add Gaming keyboard and mouse training, and typing! You want to add...;5
Nice Ilara;THE APP ICON?????? EXCUS ME;5
JP Allen;"I have been using this app for five years, I now speak French well enough to get by in France and people in Sweden called me "" duktig"" for how well I was speaking swedish ( it's a compliment). In the same five years, Facebook taught me that cats are funny and I lost respect for most of my friends. . .";5
Vesh Kashyap;à¤¬à¤¹à¥à¤¤ à¤…à¤šà¥à¤›à¥‡;5
Benezir Ansare;Duolingo is best app;5
wish rajput;superğŸ¤—ğŸ¤—ğŸ‘;3
Shashank Patel;best app;5
Hammad Ali;add urdu language;3
James Talbot;I refuse to have apps that constantly change their app icon to be ugly. how annoying.;1
Rajesh Yadav;this app is very good;5
Urmila Pandey;bahut Achcha hai 50 out of 50;5
Kailas Erande;good app;5
Pranita S;I had worst experience while learning japanese. No learning only ads ğŸ˜¡;1
Anguri Chachi;brtu . ut;5
Dedeepya;ğŸ¤Œperfecto;5
Adrienne Urielle Oria;very informative, helps me learn quickly! ğŸ¥° I recommend this! great app! great developers of this app!;5
Moosa Qaisar;I love it;5
Shamir mandal;fine;5
Sofea Marie Abdul Hafeez;Nice but why do we have to pay just to get unlimted hearts and no adds every time i finish a lesson an ad always pops up and um why is doulingo sick;4
Yuvraj Singh;Good;5
jyoti sharma;The best language game ever!!!!!!;5
Isha Meher;It's a very good app I want to speak korian and it teaches me too good in just 3 months;5
Aditi Kumari;continue;5
Shubham Barman;one of the best languages larning app. but add sanskrit language.;4
Fariya Khan;Very bad experience because i am a pakistani and i speak urdu and i want to learn english. Than how can i learn eng without having option for urdu speakers. Plz help;5
Vijaya Agarwal;This is the best app like a game and it is very easy to learn a language with the help of this application. You just download and and see this is the best game. I will rate this app 100 out of 100 ğŸ’¯;5
Monika Kavitha;super app learning language;5
Poloy;I like it ğŸ˜€;5
Maruddin Miya;I love this app;5
Medha Mishra;it is. good app for learning new languages;4
Ashok Kumar;nice ğŸ‘ğŸ™‚ğŸ™‚;5
Vipin Dixit;good;3
Chilapareddy Srilakshmi;Super and useful for future in many ways;5
Hydrog;Warra app;5
Rolly Clave;love this so much;5
Aneesh Kuzhivila;The profile picture ğŸ’€ğŸ’€ğŸ’€ğŸ’€ğŸ’€;5
Safiha Khatoon;Bro what happened to Duolingo ğŸ’€;5
Binayak Bose;very good app;5
Tyler Johnson;I like this take on education. it's very interactive in a good way, big fan so far.;5
Anuj Chand;best language app;5
Azmat Ali;This is good Learning language app. But you should put urdu language to. So that I can learn English.;4
Roshini Roshini;amazing app;5
Kizumi- Chan;ğŸ˜Š;5
Ruby Sagar;duolingo is the best game Duolingo is very interesting;5
Harikumar Kanhiraparambil;awesome;5
Liam Devlin;a genuinely good product in our modern-day sea of slop;5
Ajay diwaker Diwaker;Ajay;5
richa singh;really good for intermediate english speakers to learn other languages.;5
Aarna Saroj;I think it's very nice because it has superpowers I was learning French and it helped me a lot in school ğŸ’;5
Rakim Bradford;it's Kool;4
mansura mahabub;It's good for learning new languages . But i hate it because i lost my 320 day streak;1
Zian Francisco;so much fun you can learn everything!!!â™¥ï¸â™¥ï¸â™¥ï¸;5
Saniya Tagala;very good work ğŸ˜Š;5
Roop kala;a very good app I can learn Japanese very easily I know many more words now ..ğŸ§¿;5
Kunal Borade;very nice app;5
Kajal Prajapati;Good ğŸ‘;4
Jan Cygel Pascual;this is the best learning English lesson I've ever see but careful to yours answer or you're heart will go to 0. Love this Language lesson Thanksâ™¥ï¸â™¥ï¸â™¥ï¸ğŸ‡µğŸ‡­ğŸ‡µğŸ‡­ğŸ‡µğŸ‡­;5
Ashritha Tharak;good;1
Naina Khatri;very nice aap;5
Warzone Mobile;â™¥ï¸â™¥ï¸â™¥ï¸â™¥ï¸â™¥ï¸;5
mukesh sharma;It is so easy to learn new languages on duolingo and by playing games;4
Chelle armenta;kasi ang app na ito ay ipapaging tayong matalino;5
Raj Patil;Amazing;5
Lourenz Masayes;I love it, i still have my 297 days streak!;5
Kate Jomento;It's really good!, I've learned so much japanese words from this app, and it's very entertaining.;5
Sanju Chauhan;this is nice game;4
Dari H;Very easy to learn words, step by step small sentances and my pronunciation has improved alotğŸ’šğŸ’šso far I love Duolingo.;5
Renold Juanon;I did my Spanish lessons... Pls let my family go...ğŸ˜­ğŸ˜­ğŸ˜­ğŸ™ğŸ™ğŸ™;5
Tanvi Jinawal;nice;5
Jessica Phan;It's pretty good. But I lost my 100 day streak and I'm on my 40th streak. Can you let my family out now?;4
Farhan Inarta;An effective way to learn a language from scratch. But could be better if Duolingo could provide a more realistic conversation example. Also, Duolingo could be better if we could access to so many more languages to learn. Great job Duo!;5
Midori no okami;Love that i can learn multiple languages!!!;5
Rosiana Heni;bagussssss apk nya kok kalian harus donlowad bisa bhs inggris,jepang,germany dan china;5
Lanita Moore;I love it here!;5
Priyanka Thakare;so best app of google playstore;5
Es neha Biswass;this app is so elegant ğŸ¤;5
Shree Shyam;this is nice application;5
Pranay Kumar;ğŸ˜‚ğŸ˜‚ğŸ˜‚ I was just gone for 1 month and this ğŸ†” iot literally died......ğŸ˜‚;5
Diki;so many agenda;1
Itspop Cat;I forgot to do my lesson for a week Duolingo is chase me........................................... I'm joking;5
Cody Martin;kind of fun;4
Mike G;Awesome app. I'm learning a language with 5 minutes a day, for free. It's very well arranged to help you learn new things and review what you've already learned. You have to watch an ad or two unless you pay for premium, but I'm considering it.;5
C4sh3r 43;im actually getting better (hope you see this ryan!!);5
VIMAL Arora;teaches language like a game it's amazing try;5
Wendy Bandala Ramos;I been on a roll;5
Sarvu;excellent app!;5
Sandip Baraf;ğŸ¤ğŸ¤ğŸ£ğŸŒƒ;1
Yash Singh;the best app to learn foreign language like japanese and other;5
Kakon Das;Good;4
jai teeksha;The best app ever known to humans l, aka the goat app ğŸ;5
Shahbaz Ismail;Very nice app;4
Gyanti Kushwaha;Super;5
Samim Aktar;One of the great platform for lernerğŸ‘;5
Musa Kazim;good but there is heart problem with it;5
Nile Mercy;good and entertaining;5
Gungunraisingh Singh;this is the very imaging aap we improve our English easily this aap;5
Paislee Friermood;it's amazing duolingo ur so preppy slayyyyyyyy queen;5
Damodara Saikumar;really appreciate;3
viveik c sekaran;really helpful;5
Yofrank Moreno;excellent app;5
Anabiya Kaif;thankyou for duo;5
Akash Manjre;ğŸ¤¦ See the app image first;1
Shivam Nath;true this is English speaking app;5
Ahesan Molla;very useful app;5
elaine ong;this app is amazing ğŸ˜ğŸ¤©, and it helped me with relating to other languages;5
Narendra RATHORE;acha he;5
rhia mee alcala;what happened to doulingos face!?;5
najah humairah;Its so nice i can learn japanese from now on Duolingo is such an great app;5
Azalea PeÃ±a;Why does he look funky;5
Neil Haskins;The marketing team has decided to do some stupid stunt where they make the icon look like it's sick with snot dripping out its nose. They need a way to opt out of any weird icon changes.;1
Barbie Ford;a little fun;3
Pooja Choudhary;good very Good ğŸ‘ nice day mare yha pr à¤¬à¤¹à¥à¤¤ accha à¤à¤•à¥à¤¸à¤ªà¥€à¤°à¤¿à¤¯à¤‚à¤¸ à¤¹à¥ˆ à¤‡à¤¸ à¤ªà¤° à¤¬à¤¹à¥à¤¤ à¤…à¤šà¥à¤›à¥‡ à¤¸à¥‡ à¤¸à¥€à¤–à¤¤à¥‡ à¤¹à¥ˆà¤‚ à¤‡à¤‚à¤—à¥à¤²à¤¿à¤¶;5
Reneilwe Lukhanyo;it is the best app I ever tried....you learn other languages by playing a game be app ever I recommend that;5
Jasmam Dhaliwal;best app for language learning ğŸ˜;5
Kylie Yzabelle Octaviano;it made me learn German fast;5
Vashdev Meharchandani;I love this game to learn English but I sometimes confused but I know I will improve my English;3
tataloo69 _;please add language Persian (ÙØ§Ø±Ø³ÛŒ);5
Vijay vijay;super;5
Rahman Mohd;excellent ğŸ‘Œ;3
Xaina Hayumi Cortezano;Are... You okay?;5
Ayansh Chauhan;literally I really learn Japanese this app is best ğŸ’šğŸ’šğŸ’šğŸ’šğŸ’šğŸ’šğŸ’šğŸ’šğŸ’šğŸ’šğŸ’šğŸ’šğŸ’šğŸ’š;5
Samundeswari Kannan;it's a good app to learn;5
Deepali Lad;It is a wonderful app. It help us in learning language more easily;5
Honely Culibra;What happened to duoğŸ˜­ğŸ™;5
Teju;It's been 3 years, and the app is incredible. I'm confident with the languages I'm learning and looking forward to music classes. I would highly recommend anyone who wants to learn foreign languages from scratch ğŸ™‚;5
Rupnarayan Banchhor;This app is perfect for learn languages.;5
James Fortier;Awesome! Enjoyable Learning Experience!;5
YASHFEEN AZEEM;This is very helpful, for learning speaking.;5
Suraj Ghimire;I was searching for Croatian and Lexemburgish. Both languages are absent inapp. This is the only reason i am giving this app a 4 stars or else this app deserves 6 stars out of 5. This app is boon to human kind;4
Areeba Ali;best;5
Levi Lopez;so far so good. I do wish the curriculum had started with the basic alphabet and pronunciations. right now I feel as if I am just mimicking for the most part. I am learning at least a little however. Will update periodically.;5
Lainey Neely;Yurm;5
VENKATESH V;excellent app;5
Joey Tran;When it works, it's great. App stopped working and I'm unable to login via Facebook in app. Login works on Web with Facebook login. Support is non existence.;1
L S.;Why my duolingo Icon is all distorted and has a dripping nose?;4
Vandana Mrigwani;the best language learning app in the world ğŸ‘ğŸ‘ğŸ™‚;5
Light Gaming;This app is really amazing I am easily learn any language you try this aap;5
Gajju dewangan Gajju dewangan;This photo is very ugly and disturbing ğŸ¤®ğŸ¤¢;1
kajol rai;nice app;5
Darwisy Zulkarnain;DUO U SICK LET ME CALL DUA LIPA;5
Shilpi Kumari Singh;it is the best language learning app;5
Suman Yadav;Duolingo is a great way of learning any language. They remind you everything you learnt in previous lessons.;4
V Bx;i like this app very amazing and it's the best way for me to learn languages and I love this app sm;5
Anamika Singh;This bird... Gives me nightmares;5
Vivek Chauhan;this app is also very good.. and I think everyone is used to be app to improve your English and other laguage;5
Jaya Khandagale;very good app I learn eanglish. from. this app;5
Ankit;Easy to learn a language. Lots of love to you Duolingo;5
Nagaratna SK;it's very good app....;5
Kiersten Hough;Clingy but effective.;5
Sammy TW;learning langiages is fun on this app;5
Irtsam Mehmood;Please add urdu to Hindi courseğŸ™;2
Firdous Asim;it's amazing ğŸ‘;4
Ritu Asthana;Hang;1
Rodante Penales;is the best;5
harsh Kumar;he is best app for begnier to professional English app thank you duolingo my English speaking to use to app;5
Shawn Mcdonnell;very easy to follow. fun to learn;5
Johnbryll Norombaba;DUOLINGO,FIX YOUR LOADING SCREEN;5
enas maala;very good;5
Haseena Shan;is amazing ğŸ‘ğŸ‘ğŸ‘;5
Prem Mansoriya;number 1 language learning app with fun;5
Kiranpreet Kaur;bahut Achcha;5
Briana Bogh;such a great way to learn and practice;5
Pavan Ostwal;it is good for learning;5
Valeria Mendoza;I love how cute duolingo acts ,and he isn't bad at all, he's sooo cute I love him;5
Shaheddur Rahman;Bast learning app'sğŸ¥°ğŸ¥°ğŸ¥°;5
Neelima Alugolu;Excellent app ğŸ¥°ğŸ¥°ğŸ¥°ğŸ¥°ğŸ¥°ğŸ¥°ğŸ¥°ğŸ¥°ğŸ¥°ğŸ¥°;5
Just Retro;cusğŸ—£ï¸ğŸ”¥ğŸ’¯ğŸ™(duolingo made me write this);5
Aryan Kulkarni;it's a very good application to learn a new language, not at all like the memes found on the net;5
YADHU RAJ;It helps a lot to me, day by day I'm getting better.;5
Anosha Pridhrshani;This is a very fun game;5
Akhi Man;Don't hurt me please;5
Kazy Turnip;I LOVE this app, totally recommended! But wth happened to Duolingo's face?;5
Aadhavcpraveen2017;Am learning hindi and its the best;5
Misavondo Daniel;no Thai language?;5
Manpal notiyal;this is a nice app;3
Kakoli Nandi;duolingo is an amazing app tq for making this app it help me a lot in learning korean now i can say korean easily;5
Arpit Aryan;This is best game in the world ğŸ˜ğŸ˜ğŸ˜ğŸ¥°ğŸ˜˜ğŸ¥°ğŸ˜ğŸ˜ğŸ˜ğŸ˜˜ğŸ˜˜;5
Karan Pandya;very nice;5
Jesse Hollis;amazingly enjoyable! within just a couple of days I was feeling enough progress was being made to definitely keep on going.;5
Dhruv saini;coll app;5
Kathy Bolhuis;So far, so good! ğŸ˜;5
Isaac EVANS;The app is good, but they changed the face of the app and it is so ugly I disinstaled the app;1
Ng Calvin;This game it helped my child to learn.;5
Mr Jasim;good;5
ajay kumar;if you learning English that app is good for learning English;5
Hayley;Duo srry i forgot to do my duo;5
asrymah amir;great for learn every country;5
Victoria Noble;Would be nice to see language XP again. I typically never leave reviews, however I've been using Duolingo for years. First started when I was in the 10th grade and I'm now 22 years old. I like to learn different languages, and one of the upsides was seeing your progress in each. I'd like to be able to see how much XP I have in EACH language rather that it just be one big number. Very disappointing. Whoever thought to take it away needs to lose their job ASAP. Insha Allah ğŸ™ğŸ¾, I would've given 5;4
Nenu Choudhary;nice;5
CHANDRASEKHAR RAJESH;best app;5
Smriti Srivastava;Earlier good but now too many adds and that too with no cross button if I go back then it says you'll lose all your XP points;3
Azeem Khan;Here will be a free certificate also. thanks;5
Nellia Moyo;I think it's a cool language educating app plus it's also been there since before lockdown l ALSO heard that couple that eventually got married actually meet on this app , now would you think about that;4
Ka Shin;wth with this app imej make me want to uninstall;1
Rich Yasmina;The new app logo is gross..;1
tiffany daoana;it's so much fun and you can learn quickly;5
Athena Haldane;I am currently learning Arabic on Duo and it is going very well. I absolutely love Duolingo and I would recommend it to anyone wanting to learn a new language! I just wish they had a section for sign languages.;5
Swastika;I wish if this was all offline;3
jyothi pasupuleti;awareness of students.. for speaking skills.. good thing;5
Samoa Iakimo;veryğŸ’« DEMUREğŸ’—ğŸ’«;5
Splash Racer07;Couldn't login anymore ğŸ˜ª please fix bug;1
Gayrat Evrisov;What happened to the Logo?;5
Jazmine Reed;Duolingo what happened?;5
F R E D;Me ha ayudado mucho a conocer nuevas palabras y mejorar mi inglÃ©s, es excelente cÃ³mo herramienta de apoyo en tu aprendizaje :));5
Piyush Kesharwani;good;4
Nagendra Pratap Singh Rathore;Duolingo is nice;5
Sk Fayzulla;he is beautiful app;5
Sparkle Vibe;that's amezing;4
E'tiborxon Qo'qonboyeva;It is very useful and easy for learning.;4
Rosie Marie;Duolingo is great & fun but the speaking portion isn't very accurate. There have been many times where I knew I spoke the sentence completely incorrectly but Doulingo still gave me a score of correct. I also wish there was better/more explanation when we get something wrong.;4
Mujamwho___;Please let go of my family;5
Vince Yamud;Audio for listening activities are delayed. I cannot avail any Super Duolingo subscriptions for no apparent reason, and the app has become laggier and laggier over the weeks. It's gotten so bad that my entire phone froze after a lesson, I had to restart my device just for it to work again.;1
Silvia Moreno;really good for learning;1
Rina Singh;it is a very good app;5
CHIp;It will seem normal, then a bit in without warning it will try to indoctrinate. Woke trash. Pay attention. Beware!;1
Versha Tanwar;This is very nice app to learn all languages.;4
à¦®à§‡à¦¹à§‡à¦¦à¦¿ à¦¹à¦¾à¦¸à¦¾à¦¨ à¦œà¦¨à¦¿;I don't found it challenging enough. Maybe it's good for beginners but definitely a waste of time for advanced learner. I wasted a lot of time thinking maybe after this it will get harder. But no. Huge time waste.;1
Arjaswa Singh;I learn Hindi from it thanks;5
md shahjahan;This is very interesting platform to learn English. Also other languages.;5
Abhisek Mohanty;good application this app halpe i am improve in my english communication skills;5
Emaediong Udo;Duolingo;5
Mehboobulhaq Ul haq;best English learning app;5
Brynncess the princess 2;WHAT is that profileğŸ’€ğŸ’€ğŸ’€ğŸ’€ğŸ’€;1
Seth;fun. this taught me better than my language teacher.;5
Dani Bluone;good for learning different languages;5
Ravindra Pote;so.good;4
Anshuman Mishra;please give me is very nice for the children who know how to say English;5
Hieu Pham Dang;TÃ´i tháº¥y trÃªn mÃ¡y t ko cÃ³ thÃ nh tÃ­ch nhÆ° tÃ i khoáº£n khÃ¡c;1
Fernando Trindade;melhor aplicativo obrigado por existirem;5
Bruno Gasparine;Disgusting icon. Beauty matters.;1
Praloy Roy;good;1
Rahul Patel;bahut badiya;5
Rosie Reay;excellent what more can I say. love it and love learning it at 4am when I wake up.;5
Muskan Khan;my helpful this app;5
Kumari Suman;outstanding game simple learning app;5
Nudroid A;Disgusting icon.;1
Apllo Xpirties;Good app for kids improveing language;5
HANTER MALIK;It's amazing...I love it;5
Pablo Lewis;Please just leave my family alone.;4
Natalia;fun learning and stay motivated;5
Sabina Yasmin;excellent;5
palani palani;it is a good language app;5
Fernando Messias;"SÃ´ faltou o PortuguÃªs de portugal aqui, de resto ""you may learn whatever you wish"".";5
YUVARAJ A (2022BM123);IN HINDI LANGUAGE ONLY THREE UNITS AVAILABLE OR OVERALL COURSE IS THREE UNIT;4
Ria Mondal;this all is good but the old logo is the best the new one was that dirty logo;4
Hassannor Hassan;Great app;5
Arjun Yadav;good app forever';5
Xolani Adapoe;Great for learning new languages!;5
Amelia Tetley;amazing;5
Arnelyn Primicias;This helps me learn more Japanese. Thank you Duolingo :);5
Rahmant Ullah;à¦à¦Ÿà¦¿ à¦…à¦¨à§‡à¦• à¦­à¦¾à¦²à§‹,, à¦¯à§‡ à¦®à¦¾à¦¨à§à¦· à¦—à§à¦²à§‹ à¦‡à¦‚à¦°à§‡à¦œà¦¿ à¦œà¦¾à¦¨à§‡à¦¨à¦¾,à¦¤à¦¾à¦¦à§‡à¦° à¦œà¦¨à§à¦¯ à¦à¦Ÿà¦¾ à¦®à¦¨à§‡ à¦¹à§Ÿ,à¦¬à§‡à¦¶à¦¿ à¦‰à¦ªà¦•à¦¾à¦°à§‡ à¦†à¦¸à¦¬à§‡,,;5
Aiyana George;Very good ğŸ‘ğŸ»;5
sara adel;Bad application;1
john miller;It sucks!!!!;1
puspa Latha;Nice;5
Bimmer Guy;My family gone;5
Anthony LC;Why is my the duo lingo app icon weird looking. It's ugly to look at. But this isn't the reason why I'm giving it 2 stars. I've been trying to learn Romanian for the past 2 months using this app, and I find it tough to continue.. The content is just plain, and the sentences I learn don't apply to real situations. It's not worth the money. I also don't appreciate that duolingo taunts me via notifications. If I don't have time to do it don't make me feel bad.... Anyway, that's my 2 cents.;2
Renee Notah;No, just no not for me.Not for me.;1
Abhijeet Gedam;question repeated many times.;3
A Google user;I'm not able to follow anyone. I'm not sure if this is a bug so I'm telling it here.;4
Hemu Dhakad;it's a nice and fun learning app I like it;
Shane Ramos;is giving me knowledge;5
Chandan Kumar Chandan Kumar;Very good game;5
Blake Winn;Great if you stay consistent;5
Rina Parvin;It is a very good game, but language learning app.;5
Saran Prakash;ğŸ˜ğŸ˜ğŸ˜ğŸ˜ğŸ˜ğŸ¥°ğŸ¥°ğŸ¥°ğŸ¥°ğŸ¤—ğŸ¤—ğŸ¤—ğŸ¤©ğŸ¤©ğŸ¤©;5
Hamja Ansari;nice steady ğŸ˜€;4
Rajesh Kumar;it helps to learn lt;5
Kumar Ak;Improve my English language in very well I seriously like this App it is outstanding and free to learn different languages.;5
Mohamed Nasser Almahallawi;very useful app ğŸ‘. It can not be better. ğŸ‘ğŸ¤©;5
Raghav G;Good;4
Liddy Shanks;i love duo I can finally talk to my friend in Portuguese;5
Indrani Das;ğŸ¤ŸğŸ¤ŸğŸ¤ŸğŸ–;4
Somaiya Akter;WOW,It is a amazing learning appğŸ˜ğŸ˜;5
Angelo Sumita;Tem me ajudado muito em entender o que falam em inglÃªs. Mas tambÃ©m deveriam disponibilizar liÃ§Ãµes para aprimorar a conversaÃ§Ã£o.;4
Martin Baruch;6 months and numerous requests to fix the Hebrew vocabulary app. No response and no fix!;1
Datsu;It's a great app and can be eaten with a spoon.;5
B Bob;pi O;5
Rita Gyawali;I like to lingo .very much like Favre like fun to read, yeah, I just don't want to leave the app keep learning, it is very fun to read.;5
Eddie Dungog;it's good for studying ğŸ˜ƒ;5
Lacee Holland;I love it, its help me learned so much of a multitude of languages;5
Josie Ramos;I luv itttt;5
SudhaNagaRatnam Gorrepati;very nice â˜ºï¸;5
audrey amar;Great app, but eww! Change the icon to anything else! I literally don't want to tap the icon out of sheer disgust!;4
Anamika Singh;That is good app to learn english I am not boring in this app. This app is great;5
Samjhana Magar;this is very good;5
Zaya Sanon;I can learn a lot, and it's very good cause my dad always tells me to learn other language;5
Daniela Pillera;i recommend this up cause you can learn different languages while having fun;5
Alfez Hussain;best app;4
Mamta Joshi;thanks duo;5
Ramesh Kumar;It is very good app to learn language very easily;5
Akshay Datt;Good app;5
angela phillips;Duolingo Is Amzing, Especially the new Friend Streak, It is so fun, and It is very helpful for learning languages, i hope more people start to use duolingo, it is such an amzing app, that you duolingo for helping me learn welsh. Diolch a Hwyl!;5
Tim Hixson;Loving it so far;5
loren roca;Cambien el icono de la App ._.;2
Veronica Villalobos;Very good app to use. I'm learning French now because of duolingo. I now know 3 languages.;4
Kristy Guerrero;I would give 5 stars if the tips were available on Android. I have to go to the website on my browser to read them and it's a hassle, but otherwise really great app! Update: tips are now available for some language courses on Android, but not others. Please make them available for the Russian course, I will give you 5 stars then T_T Edited to ask... what *happened* with the new icon?? Is....is Duo ok???... is he dying??;4
Sofia Rod;The best;5
Fariyaad Malik;No noo;1
Rohit Patil;this aap is perfect teach;5
Amira Gunter;I LOVE HOW HE FORCES ME TO DO LESSONS OR I WILL LOSE MY STREAK (2nd day still trying to survive without getting hunted down);5
Aadrit Upadhyay;It's Excellent:);5
Monika K;my favourite app â¤ï¸;5
Akmal ziya;I like this application This is easy and simple and duo is very very very very nice cute I like it;5
Anuj;love me Duolingo app;5
Sadia Hanif;The Super duolingo is saying that give me money ğŸ¤‘ğŸ’° but the thing that is making trouble is that, because of the Super duolingo l can't correct my mistake and some other features ğŸ˜• l can't use. .......................................................................... Please ğŸ¥º correct ğŸ’¯ this mistake of the Super duolingo. ..........................................................................;3
Erica Joy Cortez;very helpful ğŸ˜Š thanks Duolingo;5
Benjie Loria;Im here to rate 1-star for the annoying icon.;1
Maliha Maliha;the app is very nice I like this...!!!;4
avreen bedi;It very interesting for kids for learning more languages...............;5
Puth Saing;Please add khmer language;4
Stephanie Mcculley;I think that it is a really good way to learn new languages.;5
Sachin Saini;very nice app;5
BALWINDER SINGH SRAN;app icon is disgusting;1
Harphool Singh;omg it's so good;5
Ciera Prawira;it's good and I definitely I recommend you to try it âœ¨;5
Eduardo Chavez;good ğŸ‘;5
Bettina Diaz-Tadeo;I love it;5
Muhtasim;A very useful app for learning a new language. They teach you everything in a fun way with games and real life examples.;4
Champalal Kashyap;nice;5
Jancarlo Avila;Very good learning app;5
Keira Lake;nice app. hi.;5
Sakshi Sharma;best app for learning english;5
Efrain Hdez Chica;Although this is a good app while I was learning I stumbled into some LGBT stories. I don't understand why someone would add stories like that when some children are learning.;2
Tufail ahmad Tufail ahmad;Nice Game;5
Honest Review;Since their most recent update my double xp will disappear even if I still have a lot of time on it. What makes it worse is that you automatically use your double xp when you get it. That move doesn't make sense.;1
apple gaming;cool app;5
MAHAZVI BANO;ğŸ‘ğŸ‘;5
Ujjwal Saini;this is very useful app and this is a game I like this game;5
Adrienne Dixon;Very helpful...;5
Ameto Gaming;Ahmad Ijaz best app;5
Rewan Tom;I'm learning a lot;5
MOTU PATLU;Arman hi ğŸ‘‹ â˜º me tecar ban gaye;5
ROHIT Kumar Kol official;most English learning apk injoy this apk;4
Shivam Thakur;Ek dam mast;5
Baria Bhargav;Duolingo is most popular game and helpful;5
Charlie Acuna;ğŸ;5
Himanshu Mandavi;wow;5
manjula padmalal;Good;5
Iremide Olayiwola;Credit my account;5
Kelsey D;I uninstalled because the icon made me want to puke. I'll just use the browser version from now on.;1
Polo De Dog;Good but little mean with the hearts, like 5 ain't enough when I'm jusy starting out ğŸ˜­;4
appleboyy;I like it;5
Lulu;ĞÑ‡ĞµĞ½ÑŒ Ñ…Ğ¾Ñ€Ğ¾ÑˆĞ¾Ğµ Ğ¿Ñ€Ğ¸Ğ»Ğ¾Ğ¶ĞµĞ½Ğ¸Ğµ Ğ´Ğ»Ñ Ğ¸Ğ·ÑƒÑ‡ĞµĞ½Ğ¸Ğµ ÑĞ·Ñ‹ĞºĞ¾Ğ²;5
Rameshwar Dubey;this app was working awesome ğŸ‘ğŸ˜;5
CRISTIAN PAOLO VALLEJOS MELENDRES;It's too perfect;5
Linnea Teresa;You ok duo? The picture looks like you are melting.;4
Deepak Kujur;app is very good;5
Indira Gajurel;its very niceğŸŠğŸŠğŸŠğŸŠ;5
Monika Deshpande;Wow ğŸ˜²;5
Aditya Raj;Great and easy to use;5
Sga Sga;This is a great app. It really helped me learn better Spanish. I would highly recommend this app if you want to learn a new language or more than one language. But the reason that I gave this a four star rating is because I saw you could learn piano and music on this app, so I tried to get it, but I couldn't find out how to! I tried everything that youtube told me to do, but it still won't work. Other than the issue I mentioned, it's a very good app. Also, duolingo, are you sick? You look awful;4
AISWARYA M A;very good app i like it;4
Ramesh Paliwal;nice ğŸ‘;5
Akki Tricks Movies;"It was an Amazing app before without the ""hearts"" and gems for taking legendary lessons. It has some bugs - I lost my ""Quest Chest"" potion. I enabled it and it did not got activated.";2
Mary Delgado;this is great but the thumbnail ğŸ¤”;5
Sathya Sivanandhan;Why tamil language is not having;1
Ã–mÉ™r RzazadÉ™;Would put zero if could - It's not free, and is full of ads. I may understand that you need to earn money, but you may reduce the amount of ads (to make it not to show at every lesson's end), f.e. by putting it into menu or something (and making it not to affect phone's performance) First days with Super Duolingo were good (I watched an ad for it), but when it ended, the life also did. The app is more made to earn money, and annoy everyone with Super Duolingo ad rather than teaching;1
udaykiran iddum;Good;5
Ninoshka Arevalo;awesome app to learn English language;5
Farhan Khan;supportive app superbğŸ’¥;5
MamMmi Jan;I'm from Pakistan ğŸ‡µğŸ‡° you can learn Pashto and Urdu from me. Feel free to text, and I want to learn English ğŸ˜Œ ğŸ¥°ğŸ˜Œ;5
Chetan Pujari;very good app for learning new languages;5
Type Name Here;Ill rate it five stars because duo is gonna kill me;5
Joey Aderman;it makes Spanish fun, not much else to say;5
Harsh Wankhade;It's has a fun way of teaching a language and has many things in the free version as well;5
Snehadixit d;Duolingo bahut accha app hai .;5
Nur Irdina;ğŸ‘;5
annie;Awesome! I would defo recommend this app if you wanted to learn a language.;5
Mary Bislick;super nice to practice writing and speaking portuguese, love itâ¤;5
Bala Raj;good 500 /500;1
Sarkila Parteti;very very nice ğŸ‘ğŸ™‚;5
kush rajput;good;5
Cassi Mansfield;It's a great way to memorize your words, but the AI voice is annoying;5
Angelie Lacatan;I'm sorry I can't understand why Duolingo's face like that;1
Kajric Gborie;The face;1
yuvi yuvaraj;very use full;5
Sai Goutham Nuvvula;who can't rate 5 for such a great app!!!!;5
Vinod Kumar;nice reading application;5
Tam Lily;Cute little learning, in 2 days I learnt a lot already!;5
Yassine El;Useful;5
Chris Kahl;You can learn at your own pace. Spend as much or as little time as you want. I don't mind taking a lesson over if I fail it. I don't see the need to buy lives, I learn more from trying again. I upgraded to super and it was a lot better. Definitely worth it. My biggest issue is that I have learned enough words yet to carry on or understand a normal conversation. Yet I have learned how to say some things in multiple ways. Please expand the vocabulary before you teach things like tenses.;5
Charlie Morrison;goated learning app for languages;5
John Paul Galuz;no skibidi;1
Tanwar Singh;please proivde meaning of words. or good app ğŸ˜„ğŸ˜„ğŸ˜„;4
Emizan Ismail;Amazing;5
William Phillips;makes it fun to learn different languages.;5
Annie Ross;this us great ğŸ‘ ğŸ‘Œ ğŸ¤£;5
Charlie Binder;Was great until they removed the discussion feature. Now it's just okay. The discussions usuallt clarified issues with the exercises The English translations have started to make less sense as well, sometimes being nonsense. considering dropping to two stars if it continues.;2
Shubham Tiwari;This is best application for learn spoken english;5
Jitlada J;Great for learning other languages for people who wants to speak with other languages people;4
Dipchand Rajbhar;I am give it 5 star because this app tought me franchise language in some time very easily so I'm happy with this.;5
lebbie jace caparas;I just saw Duolingo doing the I just wanna be part of your symphony trend on tt help;4
A B;Like for new logo design. Only that logo was the reason I have downloaded it again;5
mami;Why are you like this;3
andri an;nice app for beginner use for learn language ğŸ™‚;5
Allexa Illana;it's very fun I easily learned Spanish with it;5
YOO Gaming;this is good learning app;5
Christine H;This is an awesome way to learn another language. It's so easy to use and so much fun;5
Katsuya HIRANO;é›»è©±ç•ªå·ã®èªè¨¼ã‚’æ±‚ã‚ã‚‰ã‚Œã‚‹ãŒsmsã«ãƒ¡ãƒƒã‚»ãƒ¼ã‚¸ãŒé€ã‚‰ã‚Œã¦ã“ãªã„ã€‚ã©ã†ã«ã‹ã—ã¦ãã ã•ã„ã€‚2024/9/1 --- å†…å®¹ã¯ã‚ˆã„ã§ã™ãŒã€ã‚¢ãƒ—ãƒªãŒèµ·å‹•ã§ããªã„ç¾è±¡ãŒã—ã‚‡ã£ã¡ã‚…ã†ç™ºç”Ÿã™ã‚‹ã€‚;3
Marcos Contreras;they kidnapped my family for a 7 day streak;5
I'ma Junaed;nice;5
Nanaz Tong;aku dari indo dan app ini baguss ya walaupun ada iklan btw makasih duolingo aku jdi bisa bahasa inggris sama jepang <3;4
Taina Wrakonei;It is such an amazing app. I had to pick up quickly on the vocabulary. Great app;5
Melanie;ew why is the app icon look disgusting, im going to uninstall;1
Angel Vigil;muy bueno;5
Hymavathi SANGIREDDY;Leave my family alone! Overall great app for people who want to learn a specific language. My mom liked this and I did too , it helped my mom alot and me so yeah , great app.;5
Connor Fox;its actually teached me a lot in one unit;5
Linda Lorraine;It's fantastic!;5
Dylan DeWitt;It's amazing possibly the best way to learn a language but I wish it had more languages and I wish the music course had different instruments to learn than just piano;5
Rahul;What happened to your Icon ? U Look too sick ğŸ˜·ğŸ™„;5
Neba Magloire Neba;awesome app one of a kind;5
Mcfred Onah;Overall a very helpful app. But please the new logo is not sharp. It's actually disgusting. Change it back;3
Dholu ram gurjar;nice app ik dam mast h;5
Maimuna Tabassum;Why is Duolingo sick?;3
Hanako;really awesome app!! i never studied French before, and i really enjoy learning basic interactions and everything like that!! i really hope we can get music and math's here on Androids too like iPhone's do!! that's all from me!! (ã¥à¹‘â€¢á´—â€¢à¹‘)ã¥â™¡;5
â€¢KR3W L0V3Râ€¢;im being enslaved by duolingo;1
Victor Rivera;ğŸ‘;5
Panagiotis Monster;fun, interesting, educational, perfect. nothing else to say;5
Jeremy _ _ _ _;I really hate the way they make the nice icon look ugly and hideous every so often and think they're being clever. How lame.;1
Bellen Abordo;nice language appğŸ‘ğŸ‘ it really helps my English skills;5
Dayashankar jaiswal;It is reallyyyy good;5
Little Belize;so much fun;5
Joshua Burrows;Absolutely love the educational structure.;5
filler name;the icon's gross now;1
Mizzy Aprimarite;ğŸ˜«ğŸ‡¯ğŸ‡µâŒ ğŸ‘‰ğŸ»ğŸ¦‰ğŸŸ¢ğŸ“±ğŸ˜²ğŸ˜¯ğŸ˜¯ğŸ‘ğŸ»ğŸ‘ğŸ»ğŸ‘ğŸ»ğŸ‘ğŸ»ğŸ‘ğŸ»ğŸ‡¯ğŸ‡µâœ…;5
Mazen;very good;5
Allison Aguillera;great and easy way to learn Spanish , I love how interactive it is.;5
Jake Paul Gomez;Our game is beautiful, try it;5
Mellisa Edwards;to my surprise I am learning, even on the free version;5
Nkosi Kyulabantu;it's a good language learning app, some people may find some down sides somewhere but personally I like the way it's fun and interactive and it's whole UI in general.;5
Sharif Hossain;very good;3
Elizabeth Michael;8-31-24 It WAS a good app, UNTIL...this latest update. I do practice for hearts. But now I'm getting things in the practice I didn't get in the lessons. I'm done. 330 days and I quit. 0 stars. 9-8-23 The hearts gotta go. For a dyslexic learner like me, the hearts are a distraction that hinder true learning. I practice repeatedly until I get something, no matter the mistakes I make in the doing. The hearts prevent that. Why are the hearts a punishment for mobile when they aren't present for pc?;1
Balaji Panasa;yes this app is very beautiful and I learn English is very easy;5
Jose;Very good ğŸ˜Š;5
Varun suresh;GREAT! Perfect app to learn languages!!!;5
Lyndon;it really helps me learn languages even from scratch. right now I'm learning Japanese and Spanish (yep you can do as many as you want at once) it's really helping me.;5
Comic Sans;pretty simple and fun with plenty of translations;5
SUMIT KUMAR;this is very best app;5
Suraj Patel;very beautiful app for learning. in english;5
Anurag Kumar;Pro player;4
T Bear;They just had an update that is terrible. I've been using this app for 18 months but I'm not gonna use it any longer with this current new format.;1
Tebogo Mamoriri;Good;5
amanda Aviles;esta muy bie, me gusta;4
Min McGlaughn;Great app for learning a language. I am particularly frustrated with the super subscription. When signing up for the trial, you only have the option for the yearly price of 92 dollars. The trial says it will notify 2 days before the end, but it didn't. I'm so mad I want to delete the app. But I just paid 92 dollars so that would be dumb. Don't use the super trial unless you're ready to drop food for a week on it.;1
AnteriorPawn;please release my family;5
Cayde Lewis;pretty good / alright;4
Suzana Yahya;i got it! this app is very useful for me to learn a new language i don't wanna miss my streaks!! I'm very thankful for this app now i know Japanese! Thanks for this app;5
Soufi Mostafavikashani;I just love this method!!!!;5
Lotanna Onuora;this is the best learning app;5
cosmi dev;I swear these are bots, learn from me. IF YOU DARE TOUCH THIS APP HE WILL COME AFTER YOU, WAIT. HES HERE;5
A Google user;The new image with a moster is horrible;1
Saurabh singh;this app is perfect for bigner;5
Zhel Gorillo;I really love this app it helped me a lot and you can write,read, speak it in a very fast way,,this app is also very useful for beginners to learn a new language,,thank you..;5
Dhesyca;The lesson formats have improved in the two years I've been gone. The tools for practicing pronunciation and recognizing sounds has improved also. Badges and gamifying the learning process have incentivized returning to the app.;5
Florie mae Dalura;it is very good app.. because of these app I know all the language I want to know;5
Jonah Murphy;Great app for learning, simple, engaging and remaining fun!;5
Ruslan Pavlov;Nu te Ã®nvaÈ›Äƒ nimic gramatical stai È™i apeÈ™i cum nimereÈ™te;1
Rimamshon David;Really the only reason its not a five star from me is that its really tryna be pay2win;4
Faisal Abdul Hamid;ã‚ã£ã¡ã‚ƒã™ãã“ã®ãŒã‚ã¯ã ã„ã“ã†;5
wael abdelazez;very good ğŸ’¯;5
Maxton Zavesky;Honestly decent app to learn different languages in your free time;4
Moklachur Rahman;very good way is English practice;5
Muhammad Faiz;be cause of this thing I can speak many languages;5
Bernard Chibuike;the learning tools in the app I very very fantastic and easy to work with, five stars for all;5
RA DA;April 2024 Review: Dear Duolingo, here are 5â­, 5ğŸ’ and 5â¤ï¸ for you! We love and care for you, Duolingo. You have been by our sides for decades and we appreciate all the wonderful efforts of your Duolingo Team! â¤ï¸ Your artists are brilliant!;5
Orienda Onyilofor;Duolingo is an amazing way of speaking English and other languages I totally recommend this;5
à¹‘Gluttony XDà¹‘;great learning app;5
Sanjeev Kumar Joshi;Nice;5
Leslie Harris;Duo what is that icon-;1
Ramadhan Bastari putra;i love i learning it is actually fun idk if any learning langguage app can let me do a streak unless this one i love this app to learn arabic and im 12 (im gen alpha not gen alpha i use gen z slang not brainrot);5
Tim Preston;Doulingo is helping me speak elspanol;5
Wolf Girl;great way to learn;5
Stacie Grewing;It's really helpful! After holding my family hostage, ripping of finger nails, and threatening me with a gun, I now know Spanish :);5
isaac robinson;5 star rating or ill stop debating;5
PÃ©ter SÃ¡nta;Pls do not change the app icon to an ugly/drunk/sick duo in the future. It is agressively stressful, I was thinking on cancel my subscription.;1
Pug Kitty (Protect the squirrels!);i like it! but it's not the BEST learning app in the world. personally, i think duocards is better, duocards is just where you pick a language and then press the â•ï¸ button down below on the right corner and you type in any english word you want then, then you press save, back out, then press the learn button! and there you go! you learn the new word in like 2 sec or 1 day.;5
Jen Agnes Cruz;it help me to learn many languages not like at school they do it fun even my mom learn languages from duolingo.;5
Eren Naruto;ğŸ‘ğŸ»ğŸ‘ğŸ»ğŸ‘ğŸ»ğŸ‘ğŸ»ğŸ‘ğŸ»ğŸ‘ğŸ»ğŸ‘ğŸ»ğŸ‘ğŸ»ğŸ‘ğŸ»ğŸ‘ğŸ»ğŸ‘ğŸ»;1
Laura C;Please let my family go;1
tim alvarez;Great,I think everyone should get the friend quest chart;4
AnjolaOluwa BADARU;I have a grasp of German now;5
Toka Toka;This is really cool;5
Kado Hill;It's a really cool app, which I recently just started, but I suggest you try it out cause it's fun to learn. Just don't miss a day, or duolengo will go after you...;4
Amara Ramgethy;helps me alot;5
Kuba ************;the bird scares me.;5
John Pattison;Not convinced it's teaching me conversational Japanese. Also the voices for some lessons speak some words so softly, or slur them, such that it can be very easy to get an exercise wrong because you literally do not hear a word, or cannot hear it correctly.;3
Itai Y.;The owl is sick! Please cure the owl immediately! I do not want a sick owl on my home screen!;1
Kameron Foster;"Make it so we can easily opt out of icon changes especially if we have paid for the subscription. I cannot find a way to change the icon back to normal in android app. ""Sick duo"" may be enough for me to uninstall even tho I have paid for it.";1
Michael Austin;Nice, but the new logo is disgusting, i had to remove it from my homescreen.;2
Angie Caraballe;just took me like 1 minute to know el Nino LA Nina tu Bebo aguga;5
Fno Gok;I deleted it and I saw a white van outside at 3am and when I woke up my family was gone edit:I'm sorry duo please give me my family back;5
Cody Smith;It's a alright. They do teach the lessons efficiently, but it kinda gets repetitive. Advanced to the next lesson sets is difficult and requires time, so patience is key;4
Armani Mejia;Great Language learning app, I already know half my Spanish already cause of this app!;5
Ch Zafar;Just for time passing;1
mio miguel;this is amazing;5
Taffy is trashy;learning welsh very cool ğŸ‘;5
Kat;Do a lingo teaches me more French I like that there's no ADS interrupting when you're learning;5
amira Biskra;the words is the only thing that you can get from this app I don't think it's enough to learn English or any another language;1
Sama Elkhmessy;Ø­Ù„Ùˆ Ø§ÙˆÙŠ;5
soroush;Ø²Ø¨Ø§Ù† ÙØ§Ø±Ø³ÛŒ Ø±Ø§ Ø§Ø¶Ø§ÙÙ‡ Ú©Ù† Ø§ÛŒ Ø¬ØºØ¯ Ù¾Ù„ÛŒØ¯;3
Neelima prathap;it is awesome;5
Abby Jill Borja;THANKS DUOLINGO!, NOW I CAN UNDERSTAND AUNT MARTIE, SHE IS JAPANESE And I'm here to say THIS DESERVES 5 STARS!!;5
Mahmud Hasan;why is the bird sick?;4
Kenzy Iskander;It doesn't teach you anything don't trust them. I was learning Spanish and when I decided to get a Spanish teacher she told me that every thing I learned was bad.;1
Ian Laurence Abellanosa;I Should have never downloaded this app he kidnapped my family (satire it really good);5
Velvadere;the life system makes the learning slow, but it is extremely helpful to be able to repeat steps.;4
Ronnie and;While I continue to learn and enjoy Duo, your insistence in using American spellings (movie theatre, rest room, appartment building, store (instead of shop)) etc., most irritating and unnecessary.;3
Dominik Majkowski;Has potential, but there's too much adds, reminds me of all the terrible mobile games, forcing an add every time you do anything;1
KL Collins;I like playing Duolingo. I lost my phone so I have to start over! But I still like learning another language, French.;5
Jelan mohammed;"Positive: There are many languages and learning on it is good. , there are no malfunctions, and you can also learn the letters of each language. Negatives: All the ads I have are about Super Duolingo The way the picture looks made my brother cry When I started learning Japanese the first word was ""sushi"" I'm used to it being the first word or the first unit about introducing myself I literally still can't form a standard sentence U want to install it ok but I don't really support it";2
Eldrich Nunga;I can speak Spanish in a month ooo I'm exited â¤â¤â¤â¤;5
Justice;simple. Duolingo is the best I saw.;5
Sophia Alyanna Villegas;Fun;4
Leticia Millard;I have had to install this app like 5 times since I started using it only 3 days ago because it keeps freezing. Frustrating Still. I have had to install multiple times and still will not let me practice anything but Intermediate English. Not a great experience.;1
Rejoice Damanka;nice app;5
Moira Keenan;I enjoyed this once upon a time. Many languages had missing components. I paid monthly for membership. Inconsistencies occurred throughout. The English grammar was bad, and very little guidance about German grammar was present. Using only US English confused many things, such as translations, eg, Toilette - toilet/bathroom, Badezimmer - bathroom/ bathroom (meaning toilet). It was also biased! That made me remove it. More recent reviews, indicate it's gone from bad to worse. No more for me!;1
Claire Mac;I feel the need to say somewhere that I really don't appreciate how the icon changes to a sick duo when I am too sick too practice. I am dying over here I don't need to feel shamed about not being able to keep up with my goals. Very discouraging and not cute.;3
Mark Owens;It helpede learn Japanese ocha;5
fungi;he tried to eat me, but it was fun;4
Joy O'Brien;perfect for all ages;5
Nazanin Eslah;"that's the greatest and the best app for learning, but i am so sad why we just can't learn with our language and must try with English to other languages . Half of my mastake because of that i don't mastery in English. please put "" persian "" in basic language to make it easier for usğŸ™";5
John F;This is a great app when it comes to the languages themselves, but it is beyond frustrating when it comes to usability. There is an endless wave of pop-ups for social options, streaks, add-ons, trials, events, etc. I really wish you could turn off all of these random things and use the app as an academic resource. Their new icon is also really weird.;2
Maggie Coles;I really enjoy using Duolingo but not the constant requests to upgrade!;4
Music man is 1# Twice;Do your Spanish or vanish;5
Omotayo Temilola;very recommendable for home learners;5
Lori Smith;Fun way to learn another language!;5
Victoria Morisette;I love it Ive been taking Italian lessons for my upcoming trip and now I doing good grazie!;5
Mylie Sarmiento;took my family because I didn't finish my Spanish lessons but it's all good ğŸ‘;5
Sharon Hurn;the new icon is disgusting. Considering uninstalling;1
Sarah Kilduff;Y'all, making the owl icon progressively more and more disgusting is turning me off from using it. I just removed it from my home screen, and with ADHD that's basically the same as forgetting it exists. Not a good look, friend.;3
Peelish Yoihenba Mairembam;"I lost my streak after 2 months. A green bird threw me in a van and made me learn japanese for a year. Now i can say ""hello"" in japanese fluently. Great app";5
Amber;what an AMAZING app it's so fun and to know other language's i literally LOVE this app Awesome app â¤ï¸;5
GÃ©rÃ´me Zog;I love it ğŸ¥¹ğŸ¥¹ğŸ˜­ğŸ˜­â™¥ï¸â™¥ï¸â™¥ï¸ğŸ™ŒğŸ™Œ;5
Nicky Marks;I'm having a wonderful time with my lessons . come on, my friends, it is easy and fun fun fun ğŸ˜;5
keesa;Please HELP ME the Duolingo bird is following me;5
raston makwezwa;I love this app my kid now is getting better and better at Irish;5
Aero Beta Max;Horrible icon photo. Good app in general. I put -3 stars because of the disgusting app icon.;2
Caleb McGovern;I was hunted down and interrogated until I learned how to order a coffee in Italian 10/10 Would request for my family back again;4
Lilly Pollitt;First of all I can't get a day of rest with this and why so many emails man like what the hell just stop with the emails don't download this app;1
Alex P.;I love to learn my Spanish lessons every day hehe : );5
Ted Shaffner;love this app but don't love the guilt trip of the new icon.;4
Michelle Zambrano;so easy and fun to use!;5
Samuel Allen;Was decent till I found out they use ai, should probably stop using your funds for stupid adverts and start using them to pay your employees;1
Colin Hughes;I've been doing Duolingo for 6+ years now and haven't missed a single day. However, the app gets worse and worse. Despite submitting five bug reports and getting no reply, I've been doing that same set of lessons over and over for the past couple of months because it randomly resets your progress. Terrible app, but even worse support!;1
Touqeer Ahmed;awesome app for education;5
Siyanda Lekhoane;Helped me a lot improving my Spanish gracias duolingoğŸ™;5
Danielka PeÅ¡kovÃ¡;its ugly;1
Patty Geddings;So much fun ğŸ˜;5
Sara Kanski;Love this app, super helpful learning new languages!;5
Shir Mushinsky;I hate the fact that Doulingo changes my icon to an ugly melting owl when I'm not using the app. It's really manipulative and annoying!;2
ADIL Oukajji;Ø¥Ù†Ù‡ Ø£ÙØ¶Ù„ ØªØ·Ø¨ÙŠÙ‚ Ù„ØªØ¹Ù„Ù… Ø§Ù„Ø¥Ù†Ø¬Ù„ÙŠØ²ÙŠØ©;5
Gwen Dingle;I'm actually learning Spanish;5
momodou jallow;a great tool for learning language;5
Ramirez Amairani;it's a fun app and you can learn any language because I'm learning Spanish;5
Jordan Family So Blessed;Doulingo is coming for me....;1
ê§EpicVickyê§‚;Spanish Or Vanish;5
Bella Polanco;Great, fun, and really educational!;4
t ah;Amazing app i learned alot of new words and very fun!;5
Jayden Tak;Very useful;5
Lesedi Mahlatji;I love to learn new languages;5
Sue Chase;Duolingo is great but I would like it to be less competitive.;4
ĞĞºĞ°ĞºĞ¸Ğ¹ ĞÑÑ„Ğ°Ğ»ÑŒÑ‚Ğ¾Ğ²;This application promotes same-sex relationships and alcohol!!!;1
Yaretzy Villescas;it helps you so much to learn a new language ğŸ˜ I love it so much and it helps me learn Spanish;5
Ifeoluwa Gomina;Why does my Duo App keep saying offline every nw and then even while I have my connections on. I keep my app updated it still says offline and I can't practice. This is frustrating been battling with it for like a month. Please work on it.;4
Joan;awesome!;5
paterne kwizera;Love it;5
Employee;Good;5
Chris Haan;its so great! no problems im lerning Spanish!;5
Miccnow;5 star for the logo seems like the owner is pretty much sick ğŸ˜‚ğŸ¤¢ lol;5
Julijan ÄŒajko;Very good owl guy uh very helpful and nice never threatening;5
Renato Garopel;nice,I enjoyed it;5
Lorda Nicdao;This app is really good i learn spanish so easily because of duolingo and i am very thankful that this app exist.;5
Russ Boyd;fun way to learn with mucho repetition.;5
Rusty Hawkins;This app is fun and can help learn languages fluently.;5
Lana Caren;this app is amazing. I have learnt so many languages. I recommend this app. This is the best app for learning new languages by far.;5
sabyasachi das;fantastic and cute;5
Jazzy chick;Duolingo cheated on me with dua Lipa;1
Mahmuda Khanam;it's so good SLAYYYYYYY UwU;5
Adrianne Alexander;The best teacher u everything;5
Zahra Hasani;chokh niceğŸ‘Œ;5
Lobna Lolo;â¤ï¸â¤ï¸;5
Mandel YouTube;"Ohhh, I get it! It's the #1 top ""grossing"" -1 star crusty dusty musty rusty";4
asiaelnakib20;its good for lessons;5
Elise Hudson;I think it is a good way to learn any language that you wish, so 5 stars from me;5
JASCARLIS OCANDO;good;5
Brittany Dumas;Love it, but please add Tagalog Filipino. Look forward to updates !!!!;5
Mohamed Kamel;good;5
Yomna Ezzat;excellentâœ¨ï¸;5
Jonea B.;What in sam hill happened to the app icon in the store? Duo needs some antibiotics. Aside from that, I'm glad they're including more varieties to lesson plans, but it feels like some languages get better features/treatments than others.;2
Nickie Biel;brilliant app, however the frustrating thing is that you have to spell correctly, even one letter you get a WRONG! if you're dyslexic you will find it really hard.;4
Maiwish Perween;ğŸ˜ŠğŸ˜ŠğŸ˜ŠğŸ˜ŠğŸ˜ŠğŸ˜ŠğŸ˜Š;5
julia shirokova;stop with the gross icons, they don't motivate me to use the app, they make me want to delete it instead;3
ahmadreza Tizro;a perfect app for learn new languages. please add persian to this app too;5
Renelle Porter;I have tried multiple other language apps and this one stuck out to me it's almost like playing a game and it's free!;5
Louis Thermidor Philidor;is beautiful app for me;5
Shawn Yang;I like JDMS;5
Jay Pepper;Love it.;5
Damien Taylor;love the game but I am scared to miss a Spanish lesson;5
Omoikhefe Giwa-Okugbe;Great app;5
Rashawnna Moore (Mashiinue);Love it;5
Tito Kaoutar;ğŸ’”ğŸ’”;1
Mike Tony;Duoling tf happened to u;5
Diana Chepkorir;It's good. I only wish they could explain each topic not just translating.;5
Youstina Edwar;good;5
Kendra Olvera;Incredible help.;5
Spoider;Help the green bird has my family for EspaÃ±ol lessons.;5
Amanuel Tekalgn;"I have been learning a lot on Duolingo and have been using the app for about 2 years now, but ever since the new update sometimes after a lesson ends there's this add to support Duolingo's mission which covers the entire page (including the ""No thanks"" button at the bottom) and won't let me proceed beyond that please fix this!";4
Jamil Ahmad;Super wied logo I'm never using this disgusting ğŸ˜”;1
Hennon Harrison (Penny);The company layed off dozens of employees and replaced them with ai. This makes me sick.;1
Jacob Lambert;notifications are a bit passive-aggressive and I don't care about points or badges, but the lessons are good.;4
Hayden L;amazing experience it works very well I have learned so much in two days, Definitely recommended;5
Sakthi;It's Most Worthable Platform from beginners;5
Sam Nat;I've had an account with duolingo since 2013. Unfortunately, those in charge of the service decided to fire 10% of their work force and replace many of them with AI, which has also ruined the quality of the lessons. Morally, I can no longer use this service, and I have deleted my account. I highly encourage anyone also opposed to the rampant use of AI and replacement of a far superior human workforce do the same.;1
Yashi Singh;I gave u five star rating, please release my family now duo;5
Ashanola Jenkins;They stole my family...;1
ØªÙˆÙ…ÙŠ Ø§Ù„Ø´Ù‡Ø±Ø§Ù†ÙŠ;It is a very nice application that taught me the basics of English.â¤ï¸ğŸ’¥â¤ï¸ If so, I will give it five stars.â­ï¸â­ï¸â­ï¸â­ï¸â­ï¸ Question: Why does the application look like this?ğŸ™?;5
SAJIL KHAN;ji bahut maza Ara hai;5
Molelekoa James Finger;Excellent!;5
anita pangeni;really nice I learnt Spanish from this thing my sis learned Chinese and many more;5
ASIR SOLKAR;good app;5
Lyla Laskowski;woww.w;5
Ithinkhessascool;Pfp sussy baka;1
Seema Chahal;nice;5
aqsa khizir;good learning app;5
Rahman Alam;Why does the new logo look like it's having a brain strokeğŸ’€ğŸ¤£;5
Luis Alberto Vallejo Morales;ã”ã¯ã‚“ã¨ã™ã—ãã ã•ã„;5
Javier Loera;fun;5
LaTisha Reid;I like it very much but can you teach us a little bit more words;5
Anshu Kashyap;What happened to u Duolingo bro ...cold??;5
Nikolas Tsavaris;Why don't you out an icon where Duo is defecating next time?;1
Caden Ruiz;it's cool;5
RAJESH MT;Bro whats withs this logo ğŸ˜‚;5
Rania Gihozo;it helps a lot;5
Arnei Souza;Can I see my family now;5
Mono Lono;Als Anfan um die Sprache zu lernen, ist es sehr gut;5
GÃ©nesis GaldÃ¡mez;ğˆğ¬ ğš ğ ğ¨ğ¨ğ ğšğ©ğ© ğˆ ğšğ¦ ğ¥ğğšğ«ğ§ğ¢ğ§ğ  ğš ğ¥ğ¨ğ­ ğˆ ğ«ğğœğ¨ğ¦ğ¦ğğ§ğğğ;5
Dido Saleh;This is the best app i have. I am learning german + Danke;5
Eric The Nod;Don't waste your money on a subscription. Makes you buy gems! Plus, woke garbage shoved in your face in the conversations. I'm so fed up with it.;1
Cyn;love it, learning and enjoying this app. thanks;5
Patricia mcCue;fun way to learn!;5
Angel Mharadze;it is a very good learning app I love it;5
Peace Oluwatimilehin;There's this offline issue after updating the app and it pisses me off whenever I want to learn and I'm unable to.;1
Alaa Shams;gamed;5
Yassin Khaled;really good download it learn really thr language;5
Sandra Morris;I forgot my spanish lesson/Im on my mom's acc.;5
K;"Did someone punch the Owl in the face? Halloween's in Oct. GO WOKE, GO BROKE. I was well on my way to learning Spanish, even intending the monthly subscription. AND THEN ""Anna goes on a honeymoon with HER WIFE."" So I will never pay for this product, and I will sabotage your ads. Luisc transition is looking good.";1
Bich Hong;Äá»•i icon app t rate 5 sao :);1
Lindsay Merritt;not that great but it works;3
Nathan Cosart;I have always had a difficult time with learning new languages, duolingo has given me the tools and resources to learn at my own pace. Now I'm surprising myself every day with my retention rate. It's easy to go back and practice the lessons I had trouble with and not worry about mistakes as much. Edit: I wish I could see the xp learned for each individual language on mobile again;4
Olivia Djouranov;Duolingo is a useful way to learn new words in your desired language. However, I do have constructive criticism which I hope the developers will take on board: regarding international languages e.g English, Spanish. First of all, English comes with the American flag which is inaccurate. Second, native Spanish and Latin American have different pronunciations. Duolingo uses the Spanish flag with Latin American pronunciation which can be a bit confusing.;4
Habib Sher Tajak;It's very Good App for learning languages;5
Mia Piening;Pls Duo. I need my family back. Pls pookie >///<;5
Leane;It is an Amazing amazing app. I would recomend it. I would also recomend duolingo to add another language. It's not a language that is widely spoken but it would be good to learn for for people in this area as wel. It is called Afrikaans.;4
Mary Norman;I am Navajo and have been reading, writing and speaking it my entire life. This platform mispells a lot of words. for example: shizhÃ©'Ã© is the proper spelling, the spelling on Duolingo is shizhe'Ã©. spelling matters with the accents on words. using the wrong accent in a Navajo word can change the meaning completely when pronouncing it. It also teaches non-native speakers the incorrect pronunciation. if you're using this app solely on its own, I do not recommend it.;2
David Correia;I'm a long time user. duolingo's new icon is gross. if you are considering downloading or worse yet purchasing duolingo I would highly recommend against it.;1
Divine Favour;amazing app,I'm learning so much;5
Ioana Andrei;DUO PLEASE LET MY FAMILY GO, I RATED YOU 5 STARS PLEASE! I ONLY MISSED 1 DAYğŸ˜­ okay but jokes aside, Duolingo is a great app. It helps you learn any language you want easily and kinda fast;5
Londonniece Harbour;it helps me a lot and I'm learning a lot more than I used to.;5
samsain me;I like the app, pretty fun while learning but the one thing I hate the most is the ad after every lesson, I can't exit the ad and the only thing I have to do is fully close Duolingo and reopen it, which I lose all xp I gained as it said.;3
Zyvue;Not sure what happened to the app icon, but It Not Bad.;5
Mo Jackson;Have only been doing it a couple of weeks and am already hooked on it!;5
luis correa;super good;5
Ishimwe Twizere;They really make learning languages very fun and easy;5
TyOwU 11;I forgot to do my lesson and now I'm in my neighbors basement;2
NISHA SHARMA;It helps a lot;5
Shambhavi Gautam;bessssssssttttt for learning English;4
Nnssnnsn snsnsns;AYEEE DOMINOğŸ”¥;5
Kacy;easy to learn, I like the daily reminders to keep me on track;5
Ø¬Ø§Ø³Ù… Ø§Ù„Ø­Ù…Ø§Ø¯ÙŠ;It's too cool and the learning our language;5
Mitra R;This app is wonderful such a shame it doesn't have the Persian language for some unknown reasons!;1
Dammadinna Kodagoda;love this;5
Madison Rose;my kid uses this for part of her school and it's been a month and she is talking in full sentence. It not only challenges her, but it's fun, she loves it. so I rate it FIVE STARS;5
Utilka;i didnt expect it to be as useful as it proves to be. not regretting 80 grn subscription. although lesson variety could use improvement. also focus on practice is good but at least some theory would be nice. also, in the dutch course i find a few phrases that repeat too often, to the point that i unwillingly memorise answers instead of learning the language.;4
Alex;Disgusting new icon;1
Kendra Nicholson;what is with the zombie bird with the booger coming out of his nose for the cover.... why do you think i want anything that looks like spongebob on my phone? can this please go away? it makes zero sense;1
Kawtar Kawtar;ğŸ‰;1
RealProGamer;nice and made for even those with low iq and no will power;5
Peter Calpa-Fleming;I sometimes may not use it but I always come back to it. Fun to use but you need to put in a lot of time and effort to learn a language.;5
Zaid alam Islamic;isme garib bachchon ki bhi madad ho jaye gi jo mony nhi de saqte school nhi ja saqte;5
Aleksandra Kreis;I am Learning German very well and duo shows my mistakes and redos them at the end of my lesson!;5
Constance Chika;Increased speaking skill in french and I hope to learn more.I could learn any language of choice.I real love the moment with it.;5
Sreejita Das;i can actually learn English very well;4
Justina Alayande;It's amazing that there's an app you could learn languages for free If not for this app I would have given up my hope of being a polyglot;5
Whitepantha Andrew;My. Cat definitely needs this app;4
Eden Wendesen;wow it good app;5
Shraddha Pansare;excellent app;5
Lori Revty;Helping me Learn Japanese in an easy way;5
dark clan;ğŸ‘ amazing;5
ã‚ãªãŸã®ãŠæ¯ã•ã‚“ã¯ç§ã®ã‚¬ãƒ¼ãƒ«ãƒ•ãƒ¬ãƒ³ãƒ‰ã§ã™;i like is app so much interesting y me gusta no se por que no la habÃ­a descargando antes;5
O Z;"Something is wrong. I tap to skip an ad for an app, and nothing happens. Continues to fail when attempting to tap on upper right ""skip."" This app is still sucking. It's now getting worse. This app is falling apart.";1
Pramanand Kumar Yadav;bahut maja aa raha hai;5
Sagittarius serpentarius;Duolingo is a life saver. I have GCSE exams coming up and to complete the entire French course I had about 1 year and a half compared to my classmates who had a total of 3 years (we travelled to UK from india). I managed to cover almost everything I had missed. Without duolingo I would have been a lost cause in French GCSE and for sure failed. Yes, it has a lot of ads but nothing good is available without a catch.;5
Harshit Tiwari;duolingo is tha ama nhi na aap ğŸ™‚;3
Emma Olson;Love the course but some of my complaints are when I asked my Spanish friend if I spelt something right in my Spanish course he said that this Spanish is actually way different then people who grew up with Spanish actually talk. Also,why is the birds face on the front cover ap discusting? It makes me not want to practice because it seems like you're clicking on an ugly exhausted bird face, and he looks like he's tired from me constantly making mistakes when Im trying to learn the Spanish.;3
Jason Dumb;Great app!;5
Maryam khan;FRENCH IS DRENCHED IN MY BRAIN ğŸ˜©ğŸ˜©ğŸ˜©ğŸ˜©ğŸ˜©ğŸ˜©ğŸ˜©;5
Mustafa Sherin;I love so much desh app language app Avar I loveeeeetttttt sooooo. Much;5
G Green;Great!;5
Soulaymane Id taleb;Good good;5
Rukhsana Nazir;best app ever by its a type of game that u can play and learn ur fav language by playing I like this app as it is do not waste time and help us to improve our confidence and voucabulary. This is the first app I like the mosttttt.ğŸ˜ğŸ¥°ğŸ’•ğŸ¤©ğŸ‰ğŸ˜Šâ¤ï¸â¤ï¸ğŸ’•ğŸ˜ğŸ¥°;5
ska pate;es muy bueno ğŸ˜Š ,ayuda en los puntos que faltan en tu aprendizaje y de diferentes formas hasta que no quede duda ğŸ¤ .;5
Luis Enrique HernÃ¡ndez;Well, I have been using this app for a while and in my opinion, the app is good, I've been learning words that I didn't know. I really recommend it.;5
Rizwan Khan;good;5
Rishi Saha;I am giving one star because the time duration for Spanish and French has increased so much that it is impossible to complete it and it has been 1 year.I've been here for over 1 year and I'm still taking my time learning Spanish 1 hour 30 and french .But the time duration of each thing has become so long that it causes so much irritation that now there is no interest in doing it or completing it at any level.There are total 9 section and each level has different courses it takes too much time.;1
Alauddin Apon;really great very Eazy to learn.;5
Yara ramadan;Discussing;1
Whitney Waterbury;while a little repetitive, it's been good for learning basic phrases of a language in an engaging way.;4
Hafsa Mohamed;I love how you teaching different languages;5
Paolo Petrovic;Llevo aÃ±os usando la aplicaciÃ³n y queria aprender el curso de mÃºsica pero es demasiado engorroso e difÃ­cil de comprender. Haran falta al menos 15 vidas para superar una lecciÃ³n de mÃºsica. Eliminen el curso mejor;1
Luke;its good but can be annoying to get something wrong.;5
AshmeisterZW;good teacher;5
yassine amsp;Please change the profile picture, it's Soo ugly;3
Mohamed Yakub;No data;1
Salsabila Ahmed;it's so good;5
Atmee Yeyya;i did spanish dont vanish me duo;5
Liam Cooper;I started learning Portuguese and I'm becoming more better at it;5
King Abdallah;I love duolingo I like it sooo much thank u now I know dutch for sure;5
S.Sandhya Devendra;I am very happy this app is enjoy and practice English very speed Thank you so much this app;5
Matn;absolutely amazing,and the free version is equally excellent ğŸ‘Œ;5
Huma Azeem;good but very slow... it's been a month and I've learnt almost nothing..;4
OB O'Brien;I love Duolingo on my life â¤ï¸ ğŸ¦œğŸ¦œ;5
Piyush Dhyani;duolingo is the best app;5
Haroon Bhati;I like this app but I can't downlode because you not add the language of urdu plz add urdu language in next update plz;2
Maarja Isak;what happened to duolingo ğŸ˜¹;4
Ameerah tahreem;That's my respond;4
Buggy Jo Morin;I actually understand greek now!! great app! it's very fun for kids.;5
Arshad Khan;Oh so nice application real app Antarctic work;5
Sarvarkhan;nice aap;5
Ashley;This app is so good. I really love it! It is very easy, and simple and only gets harder when you are improving;5
Prashu Bava;good;5
Markanthony Izzo;I can't see the letters in the word box. half is cut off. When asked to choose which word do I hear, it would be nice to know what they mean. need better explanation when to use THE.;3
Payton Tiger;I deleted his app and I said it to him and he got mad and he said I will kidnap you so yeah;5
Ankit Chakrawarti;Duolingo is very nice ğŸ’¯ ğŸ™ğŸ‘;5
Oula Belil;Dolingo is very wow;5
Rolando;maravilloso, estoy aprendiendo francÃ©s y 10/10;5
Golu Kumar;good;5
Filomena Costa;What happen to duolingo why is he built like that.;1
Andleeb Chaudhary;duo helped me so much, I love this app;5
Shreshth Soni;A very helpful app for learning new languages;4
Shin;I don't like app icon. But in past duo icon is very cute. But in present...;1
raju tamang;best app for learning any Language ğŸ˜‡ğŸ˜‡ğŸ˜‡;4
Mathias Ssenyonjo;Best language learning app you'll ever find;5
Aasha Ghongde;very nice â˜ºï¸;5
Zander Leaf Listens;I should never have to wait 48 hours to remove a course I accidentally made too difficult;
Priyanka Rawat;game is very nice;5
Blessy Bhavana;very cheerful and useful but few ads disturb;4
Sean Lewis;Duokingo is amazing;5
Bruce Kunkle;big epic A+;5
Maira khatoon;Bekar h bhai mien to toot gaya;1
Aryana Jacobsen;love the app its fun and it's easy to learn new languages!;4
JJ van Ginkel;Best language learning app available, however the toxic characters on the talk show host exercises & general irrational 'woke' narrative is somewhat concerning, it's not child friendly & will cause behavioral problems in young learners. Update: Considered improving this review, however the spiteful plague ridden Duo logo will cost another star :p;3
Ann Coach;I missed a lesson and Duolingo killed my family;5
abeer ali;ğŸ‘ğŸ»ğŸ’—;4
Vinay Kumar Yadav;Your new logo suck it feels like if duolingo is suffering and dying...;4
sammie mathis;I love Duolingo because I started learning Spanish a year ago the only word I knew was hola and he teached me how so great because a new student is Mexican and he only speaks Spanish no English so I love it it teaches me so much Spanish.( DONT LET DUOLINGO GET YOU DO YOUR SPANISH LESSONS) and that's it BYEEEEEE;5
Malak Koki;The faceğŸ¥¶ğŸ¥¶ğŸ¥¶ğŸ¥¶;5
madcodez â€œdopeâ€;bad icon;1
Reemas Ayman;Ù…Ù…ØªØ§Ø²;5
Darren M;very good app for learning a new language;5
A Elmass;This icon is hilariously weird.;1
Gerhard Brits;Music and Maths are nice additions.;5
Landon Goretcki;Duolingo what is that logoğŸ˜­;5
Daleyza Hinojosa (Flower);Good but .. what happened to the profile ğŸ˜€ğŸ”ª;5
Shawn McDowell;try it it's not that bad;5
Isabel Velasco;I'm starting to learn Korean better;5
Ahmed Mohammed;fantastic ğŸ¤©;4
Ryleigh Beanz;DUOLINGO JUST HELPS US ALL JUST LIKE HE HELPED ME SAY I HATE YOU TO MY BULLY IN RUSSIAN â™¥ï¸;5
Pooja Chhabra;First thing what is the picture on the app Duolingo with uh I can't tell this never mind so this app is a very usefull app I have learnt korean so fast that I am in korea right now and I understand everything what people say, what to answer .Last review this app is very much Usefull;5
4 amazing sisters;Pls let my family goâ˜¹ï¸;3
Karthik Vs;super app;5
Nigel Peace;I don't think Duo helps when stuck on a certain topic. This is the 3rd time I've restarted Spanish, and if I get to the same point and fail to progress again, I shall give up and uninstall the app.;2
Eva;WHAT HAPPENDED TO DUO ğŸ˜­ğŸ˜­ğŸ˜­ WHO DIDNT DO THEIR SPANISH LESSONS AND MADE DUO MELT?!?!?!?!??;5
Briana Busenitz;great foundation. wish they would format the practice sessions differently;3
Lekshmi B;i really happy its very amazing app for learning english and i can pronuncing the well after using this app;5
Marium Mahede;this apps is very great;5
Randiel Alvarez;muy buena y divertida;5
Armaan Ansari;best app for learning communication;5
Luna Gaming Playz;I love the app , I learned English on it, but sometimes it can be hard because it doesn't say in what part did you failed but at the end it does a recap of your errors, at first I didn't have superduo so I would get ads on ads, I suggest you get superduo because you get infinite hearts no ads and you can do it offline. Otherwise great app 100/10 would recommend;5
Vyga Vinod;à´—àµà´¡àµ;5
Nikita B;"Uninstalled because of the ridiculous icon update. To support person reading this: send my regards to the ""genius"" who came up with this icon and the manager chain without a single person to say ""holup a minute"".";1
Mersi mersi;veryy veryy best app i swear;5
Shania Jones;I'm learning so much more thanks to Duolingo â¤â¤â¤;5
ALI SINA;very good;5
kedebone Oliver;Super fun, I have been at it for a week and a bit. I am really enjoying it, I am not sure how proficient I will ever get with French, but I am definitely learning in an exciting way.;5
Sabine Ngouh;this is very nice to learn;5
Soniya Rajpoot;good but that's all level is so easy... ğŸ˜…;5
Mohd Rizwan;I dont like you so much but you are alright;1
Sunakshi;I love the app but there is no option for age limit... It Started languages from 0;4
Mohammed Ahmed;it's best for kids to learn English;4
Oleksii Bilous;A great app for learning English;5
FawnMermaid 2780;Fired human employee's for AI, and I can tell, tried to tell me the right answer but it wasn't even a option.;1
Serenity Bauduin;I love this app. It's teaching me how to do Japanese or Chinese or something like that. I do it every day, but it gets harder and harder, I'm on day 3-4. I love that you have streaks bc that keeps me occupied!;4
Liam Neilson;it weeks the adds suck but it werks;4
I AM MARQUEZ;jajaja;5
Anthony Wint;Returning user. I haven't used this app in a while but I'm not a fan of the hearts system at all. They need to get rid of it.;2
Talon Maica;Dang what happend to duolingo;5
Udiptakar RÃ hul;this app is amazing;3
Rayhan al-din;Helpful app. & Good Quality;5
Ishita Chauhan;It take only one thing yonvskxhdhdhdhhd;1
Rebecca Feldman;New update August 2024 is super buggy. I keep losing random amounts amounts of progress and it makes me stop practicing until something resets and my current unit unlocks again. I hope they roll back the last update;3
Andres Alonso Chanquet;I like it;5
Fatima Ahmed;Godddod;5
Mansi Maheshwary;â­â­â­â­â­â­â­â­â­â­â­â­â­â­â­;5
Muhamad Ghouri;it's good but it gives too much ads and also as you to learn any language you want but I request you to get super Duolingo;5
Flora Bernardo Chambal;It's very good and I'm enjoying learning;4
Imran Redzovic;Good learning app!;5
à¤¬à¤‚à¤¶à¥€ à¤•à¤¶à¥à¤¯à¤ª;the best app for English learning in the world ğŸŒ only one app;5
Danielle Moser;I love learning but u don't help some times sorry;4
M. ADN;really helpful in Learning German language;5
Ahmet Ã‡akÄ±r;GerÃ§ekten Ã§ok yararli ve eglenceli uygulama;5
Farah Momo;Nice app !;5
Esther Akinlade;really funny an fun to learn !.!;5
Shahid Habshi;superb app;5
F4B1R1v7r;Bro this app is amazing I needed something to learn in my holiday but I didn't have enough money to higher a tutor until I saw this amazing app I would rate more if there was more than 5;5
Prachurya Patra;Just after a recent update, I am unable to change courses on my App. Earlier, when I used to click on the Language button at the top left corner, I just to see a list of languages. But now despite of repeatedly clicking on the icon, I am unable to change languages. Please help.;3
Palwashay;It's worth it amazing;5
sama mog390;This is soooooooooo gooooooooddddd;5
Tyron Darrell;a beautiful alternative to pass time rather than mindlessly scrolling through social media, love this app!!;5
Jedidah Okutoyi;Plz change the profile picture it's not entertaining ğŸ˜•ğŸ˜’ğŸ˜’ğŸ˜ğŸ˜­ğŸ˜­;1
Solomon Ngao;They removed the option to manage subscriptions... tricky;2
Elroe Pawlos;It is just so nice;5
Music Plug;What the heck wrong with the bird;5
Brian Casillas (el oso mago);Disgusted by new icon. Makes me not want to use the app. On top of the change in how courses are structured;2
Leandro Gama;App muito bom. SugestÃ£o, nÃ£o colocar esse Ã­cone do duo doente, Ã© muito feio.;5
Max Prechtl;So far so good, only problem I have is how long the apps internal advertisements are. Ads from other products are understandable but ads for super duolingo are obnoxiously long;4
Shane McDonald;Update: I am over a year into Duolingo. I feel like I hit a road block. I am overwhelmed with conjugating Spanish verbs. Duolingo has basic lessons on conjugation, but not nearly enough practice for me to memorize the rules. Original: A very fun way to learn a new language. I am impressed by how much I have learned in six months. I spent five years learning French in grade school and I feel I learned more Spanish from Duolingo in less than a year.;4
Vijay narayan Rajak;it's good.;1
Raima Khan;ğŸ¤£i like this app this like a game and so good;5
Colin Smith;this game is awesome;5
Jackson;This app is kinda bad ngl but not their worst idea I'm only saying this because the updates are just slow af pls change so 2 stars still good job ğŸ‘;2
This is cat love Aka Faith;Pretty good! I'm learning Ukrainian, and this makes it fun. :) So far, my family hasn't been kidnapped!;4
Sai Rohit Biruda;It's a great app to learn basics of a new language...The most interesting part is, with the UI and learning methods in this app it will be more fun which makes learning much more interesting and easier.;5
Ram Yadav;I'm gonna start learning japanese;5
Stylish Lover;mat;5
Georgina Garcia;Language learning app;3
Stephanie Bell;I went from English to fluent Spanish;5
Lena Ghosh;Not bad;4
Uthaman M;good luring app;4
john mhrjn;Duolingo has a wonderful way of lifting your spirits, offering rewards that make you feel truly appreciated. Itâ€™s the perfect motivation to reignite my love for learning.;5
Prathewsh L;DID DUO GET THE MPOX???;3
Jonathan Clark;simple to use, but the rewards system gets in the way and is annoying.;3
Teodora Handziev;I have been using this app for a year and I had a 300 day streak. I actually found this app really useful when it was about learning to write in other language and to speak, but it was pretty much useless when it was about learning grammar and new words. Also, one day my streak randomly reseted even tho I did my lesson every day so if you could please fix this and add more efficient ways to learn.;1
Gold Tech Gamer;Worst app it a lie;4
Ane van der Merwe;I love the app so far.;5
Gulab Waghade;good;5
Brionna Knapp;I love using Duolingo to learn new languages, it makes it fun and also uses lots of images which helps me a lot as I'm a visual learner. The widget also helps remind me to do my daily practice. I'm learning to speak German and French, mainly focusing on German at the moment as it is a part of my heritage. Duo is really cute and I hope to get a plushie of him someday!ğŸ’•;5
Nusrst Akter;Nice app i like the app;4
Crystal Irene;97 streak, otw 100 streak ğŸ—£ï¸ğŸ—£ï¸ğŸ—£ï¸ğŸ”¥ğŸ”¥ğŸ”¥ğŸ”¥ edit: 2 days left ğŸ—£ï¸ğŸ”¥ğŸ”¥ğŸ”¥ğŸ”¥;5
Therese :P;what happened to the app logo;5
Michael Anand-Obleton;If you're serious about learning a language, follow your lesson path, pronounce every word you read out loud as identically to the speaker as you can, and ignore all the scoring competition -- all it does is distract you from the real joy of becoming more fluent and authentic every day. Bottom line: DuoLingo works -- I learned Italian like a boss. Now I'm teaching it. ğŸ† Pro tip: Try to speak just like a DuoLingo character whose accent and voice you love (for me it's the Italian dad Eddy). ğŸ‡®ğŸ‡¹;5
Shivansh Jaiswal;this is very language learning aapğŸ˜ŠğŸ˜Š;5
Asadullah Saeed Movies;Not showing Intermediate English language;1
Iftekhar Ahmad;wondarfull;5
Ramashankar Mishra;ğŸ˜;5
Stephanie Bombardier;Duolingo is great for learning! However, when I lost my 48 day streak my family went missing. I got my streak back up and my family is back! Thanks for keeping them safe, duo.;5
animation brothers;it's an easy app to use it's fun and helpful if you can take 30 minutes to practice with this beautiful owl who so kindly opened his doors so yall could learn Spanish to go on somewhere new or to just impress a girl you like then shame on you and also mercy cause the owl is rapidly approaching your location and will find you in 3 2 1;5
Rinki Kumari;bahut accha app ğŸ˜ğŸ˜;5
Bangar Plane;I want to rate this app 5/5 stars because it's free and very amazing and thank you Duolingo to teach me japanese ğŸ‘ğŸ¼ğŸ‘ğŸ¼ğŸ’¯ğŸ’¯ğŸ’¯ğŸ’•ğŸ’•ğŸ‡®ğŸ‡³ğŸ‡®ğŸ‡³â¤ï¸â¤ï¸ğŸ®ğŸ®;5
A person in the Internet;It's fun I guess, I can't think of anythingbad about it yet;4
Sk Samim;nice and good;5
Sky Quest;ty I can say something;5
amjid khalil;In this app learning is very easy for normal people not for mental problems ğŸ™ƒ ğŸ™‚;5
Shani Prasad;Bechare app ka bhi dimag kharab gye dekho jra kya hal ho gya hai ğŸ˜‚ğŸ˜‚ğŸ˜‚;4
Hasan alam;that app is beautiful;5
Ashley Sewell;Very easy and addictive!;5
Manisha Hasbi;fun to learn;5
Maben Sarker;Very good;5
Chunimaya Saru Magar;it's good for learning language;1
Vanitas;Funny;5
Anjali Kumari;good;5
Meghana Malusare;it is very useful to know various types of language I studied English from Duolingo .. I speak English in front of my friends and family and also my teacher.. I am in Std 6th.. thank you so much Duolingo ...;4
Hajar Derouich;It's bad;1
Anjani Devi;good to go;5
Pabitra Chatterjee;This is a beautiful app. I really like it too much.;5
Salim Reza;vary vary good;5
Shamila Kaleel;Good;1
Emily;love they start slow and continually reinforce the new words you learn throughout the lessons.;5
llenka011;what happened to the face HELP (31.08.2024);5
muhammad jahangir;Excellent, Good, Very Good Very Good Very Good Very ğŸ’¯ğŸ’¯ğŸ’¯ğŸ’¯ğŸ’¯ğŸ‘ğŸ‘ğŸ‘ğŸ‘ğŸ‘ Marvellous â™¥ï¸â™¥ï¸â™¥ï¸â™¥ï¸ğŸ˜ğŸ˜ğŸ˜„ğŸ˜„;5
suyog rathi;very nice to learn language;5
Nourddin Atik;Profile ğŸ¤¢;1
Lulzim Manaj;This is the best learning app;5
Biswajit Dash;Worst app no option to learn Bengali fir Hindi and English speaking people.;1
Stephanie Accime;love it;5
Mukunda Ram Chakraborty;This app is amazing This app have so many languages We can learn hindi bengali Spanish and more;5
Vinod Yadav;nice app I like it ğŸ’¯ğŸ¤©ğŸ¤©;5
Zahraa Sarmini;I love it âœ¨;5
Susovan Chakraborty;The teacher I never had , that's all I can say about this app.;5
tin hlaing;Nice;5
Jenny Murray;this game really helped me learn Greek and it is a fun gameğŸ¥°ğŸ¥°ğŸ¥°ğŸ˜‡ğŸ’ªğŸ‘ğŸ‘ğŸ‘ğŸ‘ ğŸ«µ should try;5
Sandeep Dasu;but one problem Duolingo is great aap in learn English but that is not tell rula please tell me rula for the practice;5
Sophia Inbaraj;excellent!!;5
saniya Qureshi;it's great to learn english;5
Robert Cranbert;Engagement farm that teaches so slowly that it's useless. It's more of a game than anything else. So if you want to play a boring game with lots of adds, based around useless bits of language, this is the app for you;1
Mehedi Hasan;best app for beginners;5
Priangsu Singha;Worst app;1
K. Sahasra;No option for modification of present language;1
Mia;super â­â­â­â­â­;5
Nazmul Hussain;very nice;5
Tim â€œMaxsonâ€ Breaker;The app is good. The hearts are annoying, but right now I refuse to update the app because there's no way I'm having that stupid, snot dripping app icon on my phone. Not when I can just get Memrise instead.;1
sindi mtshali;I is good for people who don't know Zulu;5
Elizabeth Godwin;very nice app ğŸ‘Œ;5
Sanuara Bibi;ita a awesome aap;5
Darin Brown;It's quite good. Star off because the free version isn't really viable if you want to be at all serious about learning well. Also wish that it wasn't as expensive or that you didn't have to commit for an entire year for the better rate. But I guess they need to make profit.. I'm doing Japanese and I feel like there are certain things it could do better like teaching certain staple phrases sooner or explaining certain nuances before you actually encounter them.;4
Stemas steve;This app is really Great becoz it has given me the confidence to look for ways of expressing my Spanish (Ugandan) ğŸ‘‘ğŸ‘‘ğŸ‘‘ğŸ‘‘ğŸ’ªğŸ’¯ğŸ’¯;4
Amira Ahmed;I don't like the new logo.;5
Abdul Hasib;thank you ğŸ™;5
Sienna harvey;Helped me learn in under 3 months!;5
Jonathan D;Absolutely fantastic app that helps you learn a language. It won't get you to fluency on its own, you have to actually practice and use what you've learned on it, but it's great. I will say I could do away with the creepy weird icons they sometimes change to... I guess they're trying to be quirky? Some of them are just disturbing.;4
Abhirami R;à´‡à´¤à´¿àµ½ à´‡à´‚à´—àµà´²àµ€à´·àµ à´•à´¿à´Ÿàµà´Ÿà´¾à´¨à´¿à´²àµà´²;1
Janet Chepkirui;this app is great. It helped me get more better in my educationğŸ“ğŸ“;4
Patricia C Vener;"Update 31 Aug 2024: Besides missing the forums, I am disappointed that I have somehow reached the end of the Hungarian lessons and yet, there is so much more Hungarian to learn. How could they possibly end at ""unit 3?"" Why would I install an update that is not described? I dislike the loss of the forums.";3
Reece Rooplal;So useful;5
Guddu Kumar Singh;It's very good;4
Fortune Antwi;Now what is wrong with the duolingo icon;5
Siam Gamer;à¦…à¦¨à§‡à¦• à¦­à¦¾à¦²à§‹ app;5
Suebrina Allen;I love the app my kids are love it ty;5
Umme Imon;such a good app.;4
Radasa Jayden Nigel;amazing and jun also good for communication purposes in other countries languages for language barriers in such things this is a good app to learn more language for your vocabulary also played a part in my school extra languages help me get through my lessons easier by doing this everyday even just for 10:15 minutes giving me a good boost all my friends keep asking me what am i using to cheat but i'm not cheating i'm still learning probably not going to read this huh;5
Shweta Ojha;this aap is very useful;4
Anakha Krishna;I've been going 491 days strong, and going forward, it'll get better. I'm so glad that I'm consistent with this. Thank God I found out about this app. I'm really happy using this , it's fun.;5
Antim Devi;this is a good game for children;5
Sabila Khatoon;best for speaking an English;5
Rossy Isenia;it's amazing I love de game soooo much but 1 thing I wish we can play it wit no internet but it's a amazing game and very useful ğŸ˜ğŸ˜ğŸ˜ok bye thanks for reading my message ğŸ˜Š;4
Avah C;Very good app in my experience but I have a few problems I want to just say! 1. Sometimes when a little ad u can just swipe away before the Super Duolingo one comes up the screen turns black leaving ur reward or anything u were just doing lost. 2. Please don't put people with Super Duolingo on my leaderboard, I get they paid and stuff but it's not fair BC they have more privileges obviously they're gonna be on the top. 3. You should add a options and details with the writing course!;5
Naheed Farzana;Best of all;5
L Adigun;Thanks to Duo, I am now French;5
Razin Shala;What a logo ğŸ¤£;5
Hala Tarig;genial;5
Jyoti Soni;good;5
Miriam Dalziel;Mi piacciono le sezioni di studio. it is helping me to prepare for my next trip to Italy. :);5
Miki None;I love this app so much it helped me to learn languages I'm currently learning Japanese becuz one day I wanna go to Japan Tokyo but I love it so much and btw duo I followed you on tiktok and this is really helpful you can learn up to 40 languages like Arab Japanese etc I hope you use and like this app as much as I do and WE LOVE YOU DUOLINGO and if you don't like this app idc cuz there's still millions of people who likes it so we don't care if one just dislikes it RIGHT I love y'all BYEEEEEEEEE;5
Dilip Waghe;Naess;5
Jacob T;Taking the previously freely available feature that explained a grammatical error, and locking it behind this new Max pay wall is a scummy move.;1
Jyothi Ammulu;This is very good app;5
Maksym Hryshchuk;Ugly icon, too many notifications, very limited training options;2
Daniel;for some reason after a lesson it bombarded me with ads and after the add it glitches and I have to restart my phone every single time it happens please fix it;4
Preeti Shukla;very best game;5
